Название светильника,"Цена, руб.",Ссылка на сайт
Подвесной светильник Ливсден Brown,4190,https://www.divan.ru/chelyabinsk/product/podvesnoj-svetilnik-livsden-brown
Подвесной светильник Клауд White,10 490,https://www.divan.ru/chelyabinsk/product/podvesnoj-svetilnik-klaud-white
Подвесной светильник Сансет Black,6290,https://www.divan.ru/chelyabinsk/product/podvesnoj-svetilnik-sanset-black
Подвесной светильник Сансет White,6290,https://www.divan.ru/chelyabinsk/product/podvesnoj-svetilnik-sanset-white
Подвесной светильник Кая Black,3040,https://www.divan.ru/chelyabinsk/product/podvesnoj-svetilnik-kaya-black
Подвесной светильник Кэндел Black,4190,https://www.divan.ru/chelyabinsk/product/podvesnoj-svetilnik-kendel-black
Подвесной светильник Кэндел White,4190,https://www.divan.ru/chelyabinsk/product/podvesnoj-svetilnik-kendel-white
Подвесной светильник Бабл-3,7340,https://www.divan.ru/chelyabinsk/product/podvesnoj-svetilnik-babl-3
Подвесной светильник Бабл-9,20 990,https://www.divan.ru/chelyabinsk/product/podvesnoj-svetilnik-babl-9
Подвесной светильник Moderli Alina,12 590,https://www.divan.ru/chelyabinsk/product/podvesnoj-svetilnik-moderli-alina
Подвесной светильник Priddy,10 390,https://www.divan.ru/chelyabinsk/product/podvesnoj-svetilnik-priddy
Подвесной светильник Маро Green,10 490,https://www.divan.ru/chelyabinsk/product/podvesnoj-svetilnik-maro-green
Подвесной светильник Tureis,4090,https://www.divan.ru/chelyabinsk/product/podvesnoj-svetilnik-tureis
Подвесной светильник Даклин Black,4820,https://www.divan.ru/chelyabinsk/product/podvesnoj-svetilnik-daklin-black
Подвесной светильник Robinia Gold,10 490,https://www.divan.ru/chelyabinsk/product/podvesnoj-svetilnik-robinia-gold
Подвесной светильник Даклин Red,4190,https://www.divan.ru/chelyabinsk/product/podvesnoj-svetilnik-daklin-red
Подвесной светильник Narices,11 230,https://www.divan.ru/chelyabinsk/product/podvesnoj-svetilnik-narices
Подвесной светильник Moderli Lewes,15 430,https://www.divan.ru/chelyabinsk/product/podvesnoj-svetilnik-moderli-lewes
Подвесной светильник Narices-1,31 810,https://www.divan.ru/chelyabinsk/product/podvesnoj-svetilnik-narices-1
Подвесной светильник Полярик Silver,7240,https://www.divan.ru/chelyabinsk/product/podvesnoj-svetilnik-polyarik-silver
Подвесной светильник Минки-1 Black,3140,https://www.divan.ru/chelyabinsk/product/podvesnoj-svetilnik-minki-1-black
Подвесной светильник Moderli Host-1,5240,https://www.divan.ru/chelyabinsk/product/podvesnoj-svetilnik-moderli-host-1
Подвесной светильник Ридж White,3250,https://www.divan.ru/chelyabinsk/product/podvesnoj-svetilnik-ridj-white
Подвесной светильник Хоул Grey,4090,https://www.divan.ru/chelyabinsk/product/podvesnoj-svetilnik-houl-grey
Подвесной светильник Минки-2 White,2620,https://www.divan.ru/chelyabinsk/product/podvesnoj-svetilnik-minki-2-white
Подвесной светильник Эффи Grafit,4190,https://www.divan.ru/chelyabinsk/product/podvesnoj-svetilnik-effi-grafit
Подвесной светильник Дейл-3 Brown,8710,https://www.divan.ru/chelyabinsk/product/podvesnoj-svetilnik-dejl-3-brown
Подвесной светильник Эллис-3 Black,5870,https://www.divan.ru/chelyabinsk/product/podvesnoj-svetilnik-ellis-3-black
Подвесной светильник Маро Green-3,26 870,https://www.divan.ru/chelyabinsk/product/podvesnoj-svetilnik-maro-green-3
Подвесной светильник Лиму-3 Black,5870,https://www.divan.ru/chelyabinsk/product/podvesnoj-svetilnik-limu-3-black
Подвесной светильник Алсагер Grey Felt,10 600,https://www.divan.ru/chelyabinsk/product/podvesnoj-svetilnik-alsager-grey-felt
Подвесной светильник Ньютаун-1 Black,12 070,https://www.divan.ru/chelyabinsk/product/podvesnoj-svetilnik-nyutaun-1-black
Подвесной светильник Флиммер Black,1670,https://www.divan.ru/chelyabinsk/product/podvesnoj-svetilnik-flimmer-black
Подвесной светильник Стеллато-1 Wood,9230,https://www.divan.ru/chelyabinsk/product/podvesnoj-svetilnik-stellato-1-wood
Подвесной светильник Ройл Black,7130,https://www.divan.ru/chelyabinsk/product/podvesnoj-svetilnik-rojl-black
Подвесной светильник Сфера-1 Black,5240,https://www.divan.ru/chelyabinsk/product/podvesnoj-svetilnik-sfera-1-black
Подвесной светильник Гермес Black,6710,https://www.divan.ru/chelyabinsk/product/podvesnoj-svetilnik-germes-black
Подвесной светильник Талли Black,7550,https://www.divan.ru/chelyabinsk/product/podvesnoj-svetilnik-talli-black
Подвесной светильник Снэки Brown,2830,https://www.divan.ru/chelyabinsk/product/podvesnoj-svetilnik-sneki-brown
Подвесной светильник Агато Black,10 490,https://www.divan.ru/chelyabinsk/product/podvesnoj-svetilnik-agato-black
Подвесной светильник Агато Brown,10 490,https://www.divan.ru/chelyabinsk/product/podvesnoj-svetilnik-agato-brown
Подвесной светильник Альта Black,6290,https://www.divan.ru/chelyabinsk/product/podvesnoj-svetilnik-alta-black
Подвесной светильник Альта Gold,6290,https://www.divan.ru/chelyabinsk/product/podvesnoj-svetilnik-alta-gold
Подвесной светильник Альта White,5250,https://www.divan.ru/chelyabinsk/product/podvesnoj-svetilnik-alta-white
Подвесной светильник Вэлли Brown,7340,https://www.divan.ru/chelyabinsk/product/podvesnoj-svetilnik-velli-brown
Подвесной светильник Вэлли Gray,7340,https://www.divan.ru/chelyabinsk/product/podvesnoj-svetilnik-velli-gray
Подвесной светильник Вэлли Olive,7340,https://www.divan.ru/chelyabinsk/product/podvesnoj-svetilnik-velli-olive
Подвесной светильник Дроп Beige,4190,https://www.divan.ru/chelyabinsk/product/podvesnoj-svetilnik-drop-beige
