Наименование товара,Цена товара,Ссылка на картинку
Одеяло Тинда 140x205,384руб.,https://cdn0.divan.ru/img/v1/E-RaSI3KaF1WbdHxtdblvoUSnmPbYyc0r8hnhr-pBFA/pd:30:30:30:30/rs:fit:364:216:0:1:ce:0:0/g:ce:0:0/bg:f5f3f1/q:85/czM6Ly9kaXZhbi9wcm9kdWN0LzUzMjk3MTkucG5n.jpg
Комплект для сна Лосен 140x205 Yellow,1374руб.,https://cdn0.divan.ru/img/v1/JmxljYQ9jsJzdACUAZkFaDVn_2K5hngaVYNzHaJfUT0/t:0::0:0/pd:30:30:30:30/rs:fit:364:216:0:1:ce:0:0/g:ce:0:0/bg:f5f3f1/q:85/czM6Ly9kaXZhbi9wcm9kdWN0LzQ0NjEzMzgucG5n.jpg
Одеяло Маффи 140x205,1007руб.,https://cdn0.divan.ru/img/v1/4hUIQ_TfBPzTNkZOI4A9bv3SRF7oZ4TsDQ8rRJSQDTM/pd:30:30:30:30/rs:fit:364:216:0:1:ce:0:0/g:ce:0:0/bg:f5f3f1/q:85/czM6Ly9kaXZhbi9wcm9kdWN0LzQxNTQwMDMucG5n.jpg
Одеяло Миллак 140x205,860руб.,https://cdn0.divan.ru/img/v1/W5u7zqmNdhgq5epW4E0KmXOpg1Lhst1ASGCTOYeeFl8/pd:30:30:30:30/rs:fit:364:216:0:1:ce:0:0/g:ce:0:0/bg:f5f3f1/q:85/czM6Ly9kaXZhbi9wcm9kdWN0LzQxNTM5OTYucG5n.jpg
Одеяло Сиена 140x205,952руб.,https://cdn0.divan.ru/img/v1/f8r6Xjj2KQ8OxJamW7pLWcu6rih--7J4FATUggZz6wg/pd:30:30:30:30/rs:fit:364:216:0:1:ce:0:0/g:ce:0:0/bg:f5f3f1/q:85/czM6Ly9kaXZhbi9wcm9kdWN0LzQxNTQwMjQucG5n.jpg
Комплект для сна Лосен 140x205 Oliva,1374руб.,https://cdn0.divan.ru/img/v1/cWeLOJTsGjMzRwm66TaVOHfNowA-aw3xR3PHkFMv3h4/t:0::0:0/pd:30:30:30:30/rs:fit:364:216:0:1:ce:0:0/g:ce:0:0/bg:f5f3f1/q:85/czM6Ly9kaXZhbi9wcm9kdWN0LzQ0Nzg1MTgucG5n.jpg
Одеяло Амели 140x205,585руб.,https://cdn0.divan.ru/img/v1/gDvx7kmW0ew1_xMJz5j9PWz7HSXQiC2ZW1NnJ7cmt98/pd:30:30:30:30/rs:fit:364:216:0:1:ce:0:0/g:ce:0:0/bg:f5f3f1/q:85/czM6Ly9kaXZhbi9wcm9kdWN0LzQzNTQ3MjIucG5n.jpg
Комплект для сна Лосен 140x205 Melange,1374руб.,https://cdn0.divan.ru/img/v1/UEm7D_kdCd_XXVBCpBE01d-2ScCQhX-H0N-Pp7RER4M/t:0::0:0/pd:30:30:30:30/rs:fit:364:216:0:1:ce:0:0/g:ce:0:0/bg:f5f3f1/q:85/czM6Ly9kaXZhbi9wcm9kdWN0LzQ0NjEzMzYucG5n.jpg
Одеяло Бэлл 140x205,915руб.,https://cdn0.divan.ru/img/v1/b8HC4yWkYnz4tGcn7kyXDgmnzz8HhJY8-ufxj9KVtx8/pd:30:30:30:30/rs:fit:364:216:0:1:ce:0:0/g:ce:0:0/bg:f5f3f1/q:85/czM6Ly9kaXZhbi9wcm9kdWN0LzQzNTQ3MDYucG5n.jpg
Комплект для сна Лосен 140x205 Ocean,1374руб.,https://cdn0.divan.ru/img/v1/wkKL2i4M6oxdXr2YNJfELX5c-tPdLrEV4M5ziAcozz4/t:0::0:0/pd:30:30:30:30/rs:fit:364:216:0:1:ce:0:0/g:ce:0:0/bg:f5f3f1/q:85/czM6Ly9kaXZhbi9wcm9kdWN0LzQ0NjEzMzQucG5n.jpg
Одеяло Илин 140x205,915руб.,https://cdn0.divan.ru/img/v1/8oVEHVG0Lun1JHoUBB3KvnFWuUhbuacys89FEQgiy20/pd:30:30:30:30/rs:fit:364:216:0:1:ce:0:0/g:ce:0:0/bg:f5f3f1/q:85/czM6Ly9kaXZhbi9wcm9kdWN0LzQxNTM5NTQucG5n.jpg
Одеяло Сиена 172x205,1025руб.,https://cdn0.divan.ru/img/v1/KCi3szzflVnp17yzjxJSwwG6rKGm5P1GY8RBHND_ssA/pd:30:30:30:30/rs:fit:364:216:0:1:ce:0:0/g:ce:0:0/bg:f5f3f1/q:85/czM6Ly9kaXZhbi9wcm9kdWN0LzQxNTM5MTEucG5n.jpg
Комплект для сна Лосен 172x205 Oliva,1924руб.,https://cdn0.divan.ru/img/v1/IbP__7dMDvUHXXfJoD0dzHyiPnql6z3FrMDjA249Afc/t:0::0:0/pd:30:30:30:30/rs:fit:364:216:0:1:ce:0:0/g:ce:0:0/bg:f5f3f1/q:85/czM6Ly9kaXZhbi9wcm9kdWN0LzQ0Nzg1MTkucG5n.jpg
Одеяло Маффи 172x205,1190руб.,https://cdn0.divan.ru/img/v1/l1_w0yMTGrg_fsm64BidGw94cTdNUD-7TRLFDcg12do/pd:30:30:30:30/rs:fit:364:216:0:1:ce:0:0/g:ce:0:0/bg:f5f3f1/q:85/czM6Ly9kaXZhbi9wcm9kdWN0LzQxNTM5ODIucG5n.jpg
Одеяло Тинда 172x205,439руб.,https://cdn0.divan.ru/img/v1/G11ZekUs8e5Od8Q-fE4yMkaMIaS_VNRpDzUoAzQnQPk/pd:30:30:30:30/rs:fit:364:216:0:1:ce:0:0/g:ce:0:0/bg:f5f3f1/q:85/czM6Ly9kaXZhbi9wcm9kdWN0LzUzMjk3MjAucG5n.jpg
Комплект для сна Лосен 172x205 Yellow,1924руб.,https://cdn0.divan.ru/img/v1/k0rOxhtXMb0BYfGIMNBQLz8QdKQr7zqDq57fPKaFLrs/t:0::0:0/pd:30:30:30:30/rs:fit:364:216:0:1:ce:0:0/g:ce:0:0/bg:f5f3f1/q:85/czM6Ly9kaXZhbi9wcm9kdWN0LzQ0NjE0MDQucG5n.jpg
Одеяло Илин 172x205,1080руб.,https://cdn0.divan.ru/img/v1/kMx7X3wynCrVxFJCWeb9MWGAb7zos2iQ5IZcQOZMWe0/pd:30:30:30:30/rs:fit:364:216:0:1:ce:0:0/g:ce:0:0/bg:f5f3f1/q:85/czM6Ly9kaXZhbi9wcm9kdWN0LzQxNTM5MzIucG5n.jpg
Одеяло Миллак 172x205,1007руб.,https://cdn0.divan.ru/img/v1/G2Da3GmVqhjWd5-dYMySzutZrQ2tXVD-eMhrCltfPDs/pd:30:30:30:30/rs:fit:364:216:0:1:ce:0:0/g:ce:0:0/bg:f5f3f1/q:85/czM6Ly9kaXZhbi9wcm9kdWN0LzQxNTQwMzEucG5n.jpg
Одеяло Бэлл 172x205,1080руб.,https://cdn0.divan.ru/img/v1/Tgp19igPaOhKvjNETFwsMDV-Irz5tKnZBQPLWuBlxI8/pd:30:30:30:30/rs:fit:364:216:0:1:ce:0:0/g:ce:0:0/bg:f5f3f1/q:85/czM6Ly9kaXZhbi9wcm9kdWN0LzQzNTQ3MDcucG5n.jpg
Комплект для сна Лосен 172x205 Ocean,1924руб.,https://cdn0.divan.ru/img/v1/PC7NA24uT1cPzf26f6rbH8ryN_9_JrFM4yD7XnN-1Us/t:0::0:0/pd:30:30:30:30/rs:fit:364:216:0:1:ce:0:0/g:ce:0:0/bg:f5f3f1/q:85/czM6Ly9kaXZhbi9wcm9kdWN0LzQ0NjEzNDAucG5n.jpg
Одеяло Амели 172x205,659руб.,https://cdn0.divan.ru/img/v1/n2qLN074ual_Wr3C_hlCEq8JT9HWMYncv7yOg23KqwM/pd:30:30:30:30/rs:fit:364:216:0:1:ce:0:0/g:ce:0:0/bg:f5f3f1/q:85/czM6Ly9kaXZhbi9wcm9kdWN0LzQzNTQ3MTUucG5n.jpg
Комплект для сна Лосен 172x205 Melange,1924руб.,https://cdn0.divan.ru/img/v1/Rhs23gkGDn_NANRLPswDulUE96dWIqwT6LTvXuONJXs/t:0::0:0/pd:30:30:30:30/rs:fit:364:216:0:1:ce:0:0/g:ce:0:0/bg:f5f3f1/q:85/czM6Ly9kaXZhbi9wcm9kdWN0LzQ0NjEzMzkucG5n.jpg
Одеяло Тинда 200x220,549руб.,https://cdn0.divan.ru/img/v1/vYy-jvm3Ws4Pz-50jIIXrAGhJ9nPMIRkiL_XdRsAPmA/pd:30:30:30:30/rs:fit:364:216:0:1:ce:0:0/g:ce:0:0/bg:f5f3f1/q:85/czM6Ly9kaXZhbi9wcm9kdWN0LzUzMjk3MjIucG5n.jpg
Одеяло Амели 200x220,732руб.,https://cdn0.divan.ru/img/v1/L5j7Ro6czq2hfUWfpWZ6jLClaKNoBC8KnzjTTQdaLH4/pd:30:30:30:30/rs:fit:364:216:0:1:ce:0:0/g:ce:0:0/bg:f5f3f1/q:85/czM6Ly9kaXZhbi9wcm9kdWN0LzQzNTQ3MTQucG5n.jpg
Одеяло Бэлл 200x220,1282руб.,https://cdn0.divan.ru/img/v1/tUIuStYCrfjM1OyDDlnhrDIXBirDXKIS1dN3tkl8pDI/pd:30:30:30:30/rs:fit:364:216:0:1:ce:0:0/g:ce:0:0/bg:f5f3f1/q:85/czM6Ly9kaXZhbi9wcm9kdWN0LzQzNTQ3MDgucG5n.jpg
Одеяло Миллак 200x220,1190руб.,https://cdn0.divan.ru/img/v1/tiH4yJsNz1tAQ825PTfayE2MRM3xKIXJmxrNTmCCoes/pd:30:30:30:30/rs:fit:364:216:0:1:ce:0:0/g:ce:0:0/bg:f5f3f1/q:85/czM6Ly9kaXZhbi9wcm9kdWN0LzQxNTM5NDcucG5n.jpg
Одеяло Маффи 200x220,1465руб.,https://cdn0.divan.ru/img/v1/pI_trBEmlPsKXn_oTMKnn1w21qMmj8Q1wFHLAeM6Sj0/pd:30:30:30:30/rs:fit:364:216:0:1:ce:0:0/g:ce:0:0/bg:f5f3f1/q:85/czM6Ly9kaXZhbi9wcm9kdWN0LzQxNTM5MTgucG5n.jpg
Одеяло Илин 200x220,1282руб.,https://cdn0.divan.ru/img/v1/gV2dLP_zDtUpOApUHOnBkPKRyF_Xp4yGMGYFlgElcaQ/pd:30:30:30:30/rs:fit:364:216:0:1:ce:0:0/g:ce:0:0/bg:f5f3f1/q:85/czM6Ly9kaXZhbi9wcm9kdWN0LzQxNTQwMTAucG5n.jpg
Одеяло Сиена 200x220,1300руб.,https://cdn0.divan.ru/img/v1/IUBr-6oyvccyaToTgjnx61PIsyROkWITk9NKGAjqLHk/pd:30:30:30:30/rs:fit:364:216:0:1:ce:0:0/g:ce:0:0/bg:f5f3f1/q:85/czM6Ly9kaXZhbi9wcm9kdWN0LzQxNTM5NjEucG5n.jpg
